{
  "CreateAlbm-1" : {
    "transaction" : "CreateAlbm-1",
    "sampleCount" : 242,
    "errorCount" : 0,
    "errorPct" : 0.0,
    "meanResTime" : 1.8305785123966947,
    "medianResTime" : 2.0,
    "minResTime" : 0.0,
    "maxResTime" : 12.0,
    "pct1ResTime" : 3.0,
    "pct2ResTime" : 3.0,
    "pct3ResTime" : 7.279999999999973,
    "throughput" : 7.216341136126435,
    "receivedKBytesPerSec" : 11.042975156552856,
    "sentKBytesPerSec" : 0.9161370582973014
  },
  "CreateAlbm-2" : {
    "transaction" : "CreateAlbm-2",
    "sampleCount" : 242,
    "errorCount" : 0,
    "errorPct" : 0.0,
    "meanResTime" : 2850.194214876034,
    "medianResTime" : 2468.5,
    "minResTime" : 215.0,
    "maxResTime" : 11852.0,
    "pct1ResTime" : 5986.000000000003,
    "pct2ResTime" : 7373.349999999999,
    "pct3ResTime" : 11284.029999999993,
    "throughput" : 5.433684352336259,
    "receivedKBytesPerSec" : 170.3924063489346,
    "sentKBytesPerSec" : 0.8914638390551677
  },
  "UpdateAlbm-1" : {
    "transaction" : "UpdateAlbm-1",
    "sampleCount" : 6,
    "errorCount" : 0,
    "errorPct" : 0.0,
    "meanResTime" : 2069.8333333333335,
    "medianResTime" : 1975.5,
    "minResTime" : 1353.0,
    "maxResTime" : 3169.0,
    "pct1ResTime" : 3169.0,
    "pct2ResTime" : 3169.0,
    "pct3ResTime" : 3169.0,
    "throughput" : 1.5596568754873927,
    "receivedKBytesPerSec" : 8.16535206004679,
    "sentKBytesPerSec" : 0.4097145502989342
  },
  "CreateAlbm-0" : {
    "transaction" : "CreateAlbm-0",
    "sampleCount" : 242,
    "errorCount" : 0,
    "errorPct" : 0.0,
    "meanResTime" : 2.756198347107437,
    "medianResTime" : 3.0,
    "minResTime" : 1.0,
    "maxResTime" : 36.0,
    "pct1ResTime" : 4.0,
    "pct2ResTime" : 4.0,
    "pct3ResTime" : 8.279999999999973,
    "throughput" : 7.200023801731576,
    "receivedKBytesPerSec" : 33.92589340171373,
    "sentKBytesPerSec" : 0.928128068191961
  },
  "UpdateAlbm-0" : {
    "transaction" : "UpdateAlbm-0",
    "sampleCount" : 6,
    "errorCount" : 0,
    "errorPct" : 0.0,
    "meanResTime" : 2.3333333333333335,
    "medianResTime" : 2.5,
    "minResTime" : 1.0,
    "maxResTime" : 3.0,
    "pct1ResTime" : 3.0,
    "pct2ResTime" : 3.0,
    "pct3ResTime" : 3.0,
    "throughput" : 4.651162790697675,
    "receivedKBytesPerSec" : 15.411518895348836,
    "sentKBytesPerSec" : 0.5950218023255813
  },
  "UpdateAlbm-3" : {
    "transaction" : "UpdateAlbm-3",
    "sampleCount" : 6,
    "errorCount" : 0,
    "errorPct" : 0.0,
    "meanResTime" : 1.8333333333333335,
    "medianResTime" : 1.5,
    "minResTime" : 1.0,
    "maxResTime" : 3.0,
    "pct1ResTime" : 3.0,
    "pct2ResTime" : 3.0,
    "pct3ResTime" : 3.0,
    "throughput" : 1.8281535648994516,
    "receivedKBytesPerSec" : 68.70393909963437,
    "sentKBytesPerSec" : 0.23744572669104205
  },
  "UpdateAlbm-2" : {
    "transaction" : "UpdateAlbm-2",
    "sampleCount" : 6,
    "errorCount" : 0,
    "errorPct" : 0.0,
    "meanResTime" : 1897.0,
    "medianResTime" : 1833.5,
    "minResTime" : 1489.0,
    "maxResTime" : 2650.0,
    "pct1ResTime" : 2650.0,
    "pct2ResTime" : 2650.0,
    "pct3ResTime" : 2650.0,
    "throughput" : 1.16663426015944,
    "receivedKBytesPerSec" : 183.9537660412211,
    "sentKBytesPerSec" : 0.1879830594983473
  },
  "UpdateAlbm-5" : {
    "transaction" : "UpdateAlbm-5",
    "sampleCount" : 6,
    "errorCount" : 0,
    "errorPct" : 0.0,
    "meanResTime" : 1.5,
    "medianResTime" : 1.5,
    "minResTime" : 1.0,
    "maxResTime" : 2.0,
    "pct1ResTime" : 2.0,
    "pct2ResTime" : 2.0,
    "pct3ResTime" : 2.0,
    "throughput" : 1.8270401948842874,
    "receivedKBytesPerSec" : 2.2213525806942753,
    "sentKBytesPerSec" : 0.22838002436053595
  },
  "Total" : {
    "transaction" : "Total",
    "sampleCount" : 2722,
    "errorCount" : 14,
    "errorPct" : 0.5143277,
    "meanResTime" : 3281.0102865540002,
    "medianResTime" : 702.5,
    "minResTime" : 0.0,
    "maxResTime" : 33035.0,
    "pct1ResTime" : 9705.1,
    "pct2ResTime" : 19515.849999999988,
    "pct3ResTime" : 26841.61999999999,
    "throughput" : 49.65159972273905,
    "receivedKBytesPerSec" : 3516.7566453704717,
    "sentKBytesPerSec" : 12.804045079986137
  },
  "CreateAlbm" : {
    "transaction" : "CreateAlbm",
    "sampleCount" : 242,
    "errorCount" : 7,
    "errorPct" : 2.892562,
    "meanResTime" : 18268.90495867769,
    "medianResTime" : 19850.5,
    "minResTime" : 1895.0,
    "maxResTime" : 33035.0,
    "pct1ResTime" : 27378.8,
    "pct2ResTime" : 28239.75,
    "pct3ResTime" : 31400.51999999999,
    "throughput" : 4.41428623545292,
    "receivedKBytesPerSec" : 1718.9098746568438,
    "sentKBytesPerSec" : 6.2503598293112255
  },
  "UpdateAlbm-4" : {
    "transaction" : "UpdateAlbm-4",
    "sampleCount" : 6,
    "errorCount" : 0,
    "errorPct" : 0.0,
    "meanResTime" : 2.0,
    "medianResTime" : 2.0,
    "minResTime" : 1.0,
    "maxResTime" : 3.0,
    "pct1ResTime" : 3.0,
    "pct2ResTime" : 3.0,
    "pct3ResTime" : 3.0,
    "throughput" : 1.8270401948842874,
    "receivedKBytesPerSec" : 5.52572605816078,
    "sentKBytesPerSec" : 0.22838002436053595
  },
  "CreateAlbm-9" : {
    "transaction" : "CreateAlbm-9",
    "sampleCount" : 242,
    "errorCount" : 0,
    "errorPct" : 0.0,
    "meanResTime" : 1408.3595041322321,
    "medianResTime" : 1339.5,
    "minResTime" : 205.0,
    "maxResTime" : 5718.0,
    "pct1ResTime" : 2400.2000000000007,
    "pct2ResTime" : 3346.449999999998,
    "pct3ResTime" : 4800.959999999998,
    "throughput" : 4.9985541372330315,
    "receivedKBytesPerSec" : 298.70130944174207,
    "sentKBytesPerSec" : 0.7956682855165861
  },
  "UpdateAlbm-7" : {
    "transaction" : "UpdateAlbm-7",
    "sampleCount" : 6,
    "errorCount" : 0,
    "errorPct" : 0.0,
    "meanResTime" : 1047.5,
    "medianResTime" : 583.0,
    "minResTime" : 228.0,
    "maxResTime" : 3119.0,
    "pct1ResTime" : 3119.0,
    "pct2ResTime" : 3119.0,
    "pct3ResTime" : 3119.0,
    "throughput" : 1.0595090941197245,
    "receivedKBytesPerSec" : 22.96275577211725,
    "sentKBytesPerSec" : 0.16658297280593323
  },
  "UpdateAlbm-6" : {
    "transaction" : "UpdateAlbm-6",
    "sampleCount" : 6,
    "errorCount" : 0,
    "errorPct" : 0.0,
    "meanResTime" : 1650.0,
    "medianResTime" : 1164.5,
    "minResTime" : 722.0,
    "maxResTime" : 3535.0,
    "pct1ResTime" : 3535.0,
    "pct2ResTime" : 3535.0,
    "pct3ResTime" : 3535.0,
    "throughput" : 1.0360904852357105,
    "receivedKBytesPerSec" : 73.71014829045069,
    "sentKBytesPerSec" : 0.1426648031428078
  },
  "CreateAlbm-7" : {
    "transaction" : "CreateAlbm-7",
    "sampleCount" : 242,
    "errorCount" : 7,
    "errorPct" : 2.892562,
    "meanResTime" : 5294.19421487603,
    "medianResTime" : 3916.5,
    "minResTime" : 486.0,
    "maxResTime" : 19597.0,
    "pct1ResTime" : 11546.300000000001,
    "pct2ResTime" : 14308.099999999997,
    "pct3ResTime" : 18132.359999999986,
    "throughput" : 4.819373083203887,
    "receivedKBytesPerSec" : 333.4280840502649,
    "sentKBytesPerSec" : 0.6444098944019596
  },
  "UpdateAlbm" : {
    "transaction" : "UpdateAlbm",
    "sampleCount" : 6,
    "errorCount" : 0,
    "errorPct" : 0.0,
    "meanResTime" : 7766.0,
    "medianResTime" : 7646.5,
    "minResTime" : 6781.0,
    "maxResTime" : 8951.0,
    "pct1ResTime" : 8951.0,
    "pct2ResTime" : 8951.0,
    "pct3ResTime" : 8951.0,
    "throughput" : 0.5904930617065249,
    "receivedKBytesPerSec" : 212.9455031800512,
    "sentKBytesPerSec" : 0.8182711470327724
  },
  "CreateAlbm-8" : {
    "transaction" : "CreateAlbm-8",
    "sampleCount" : 242,
    "errorCount" : 0,
    "errorPct" : 0.0,
    "meanResTime" : 2416.780991735536,
    "medianResTime" : 1961.5,
    "minResTime" : 313.0,
    "maxResTime" : 9159.0,
    "pct1ResTime" : 4979.000000000002,
    "pct2ResTime" : 6081.95,
    "pct3ResTime" : 8602.99,
    "throughput" : 4.949583784999898,
    "receivedKBytesPerSec" : 107.27313262506902,
    "sentKBytesPerSec" : 0.7782060443212729
  },