{
  "CreateAlbm-1" : {
    "transaction" : "CreateAlbm-1",
    "sampleCount" : 242,
    "errorCount" : 0,
    "errorPct" : 0.0,
    "meanResTime" : 3.47107438016529,
    "medianResTime" : 3.0,
    "minResTime" : 1.0,
    "maxResTime" : 9.0,
    "pct1ResTime" : 5.700000000000017,
    "pct2ResTime" : 7.0,
    "pct3ResTime" : 9.0,
    "throughput" : 7.215695628838929,
    "receivedKBytesPerSec" : 11.041987353897072,
    "sentKBytesPerSec" : 0.9160551091299423
  },
  "CreateAlbm-2" : {
    "transaction" : "CreateAlbm-2",
    "sampleCount" : 242,
    "errorCount" : 1,
    "errorPct" : 0.41322315,
    "meanResTime" : 4802.078512396696,
    "medianResTime" : 3875.5,
    "minResTime" : 292.0,
    "maxResTime" : 25272.0,
    "pct1ResTime" : 10449.800000000001,
    "pct2ResTime" : 12023.1,
    "pct3ResTime" : 16120.359999999999,
    "throughput" : 4.958508349554349,
    "receivedKBytesPerSec" : 154.95036449262372,
    "sentKBytesPerSec" : 0.8101436840487655
  },
  "UpdateAlbm-1" : {
    "transaction" : "UpdateAlbm-1",
    "sampleCount" : 1,
    "errorCount" : 0,
    "errorPct" : 0.0,
    "meanResTime" : 3544.0,
    "medianResTime" : 3544.0,
    "minResTime" : 3544.0,
    "maxResTime" : 3544.0,
    "pct1ResTime" : 3544.0,
    "pct2ResTime" : 3544.0,
    "pct3ResTime" : 3544.0,
    "throughput" : 0.2821670428893905,
    "receivedKBytesPerSec" : 1.4772436688769752,
    "sentKBytesPerSec" : 0.07412395950902935
  },
  "CreateAlbm-0" : {
    "transaction" : "CreateAlbm-0",
    "sampleCount" : 242,
    "errorCount" : 0,
    "errorPct" : 0.0,
    "meanResTime" : 5.57438016528926,
    "medianResTime" : 5.0,
    "minResTime" : 2.0,
    "maxResTime" : 71.0,
    "pct1ResTime" : 7.0,
    "pct2ResTime" : 10.0,
    "pct3ResTime" : 52.389999999999816,
    "throughput" : 7.200238024397501,
    "receivedKBytesPerSec" : 33.9269028005058,
    "sentKBytesPerSec" : 0.9281556828324904
  },
  "UpdateAlbm-0" : {
    "transaction" : "UpdateAlbm-0",
    "sampleCount" : 1,
    "errorCount" : 0,
    "errorPct" : 0.0,
    "meanResTime" : 16.0,
    "medianResTime" : 16.0,
    "minResTime" : 16.0,
    "maxResTime" : 16.0,
    "pct1ResTime" : 16.0,
    "pct2ResTime" : 16.0,
    "pct3ResTime" : 16.0,
    "throughput" : 62.5,
    "receivedKBytesPerSec" : 207.09228515625,
    "sentKBytesPerSec" : 7.99560546875
  },
  "UpdateAlbm-3" : {
    "transaction" : "UpdateAlbm-3",
    "sampleCount" : 1,
    "errorCount" : 0,
    "errorPct" : 0.0,
    "meanResTime" : 6.0,
    "medianResTime" : 6.0,
    "minResTime" : 6.0,
    "maxResTime" : 6.0,
    "pct1ResTime" : 6.0,
    "pct2ResTime" : 6.0,
    "pct3ResTime" : 6.0,
    "throughput" : 166.66666666666666,
    "receivedKBytesPerSec" : 6263.509114583333,
    "sentKBytesPerSec" : 21.647135416666668
  },
  "UpdateAlbm-2" : {
    "transaction" : "UpdateAlbm-2",
    "sampleCount" : 1,
    "errorCount" : 0,
    "errorPct" : 0.0,
    "meanResTime" : 2170.0,
    "medianResTime" : 2170.0,
    "minResTime" : 2170.0,
    "maxResTime" : 2170.0,
    "pct1ResTime" : 2170.0,
    "pct2ResTime" : 2170.0,
    "pct3ResTime" : 2170.0,
    "throughput" : 0.4608294930875576,
    "receivedKBytesPerSec" : 72.67020089285714,
    "sentKBytesPerSec" : 0.07425475230414746
  },
  "UpdateAlbm-5" : {
    "transaction" : "UpdateAlbm-5",
    "sampleCount" : 1,
    "errorCount" : 0,
    "errorPct" : 0.0,
    "meanResTime" : 3.0,
    "medianResTime" : 3.0,
    "minResTime" : 3.0,
    "maxResTime" : 3.0,
    "pct1ResTime" : 3.0,
    "pct2ResTime" : 3.0,
    "pct3ResTime" : 3.0,
    "throughput" : 333.3333333333333,
    "receivedKBytesPerSec" : 405.2734375,
    "sentKBytesPerSec" : 41.666666666666664
  },
  "Total" : {
    "transaction" : "Total",
    "sampleCount" : 2672,
    "errorCount" : 41,
    "errorPct" : 1.5344311,
    "meanResTime" : 5318.463323353303,
    "medianResTime" : 915.5,
    "minResTime" : 1.0,
    "maxResTime" : 67288.0,
    "pct1ResTime" : 15496.600000000013,
    "pct2ResTime" : 32058.749999999996,
    "pct3ResTime" : 43422.02,
    "throughput" : 30.31919118564831,
    "receivedKBytesPerSec" : 2118.4617551047327,
    "sentKBytesPerSec" : 7.7612390288667745
  },
  "CreateAlbm" : {
    "transaction" : "CreateAlbm",
    "sampleCount" : 242,
    "errorCount" : 20,
    "errorPct" : 8.264462,
    "meanResTime" : 29333.578512396707,
    "medianResTime" : 33058.5,
    "minResTime" : 3531.0,
    "maxResTime" : 67288.0,
    "pct1ResTime" : 43367.0,
    "pct2ResTime" : 45531.85,
    "pct3ResTime" : 56483.44999999998,
    "throughput" : 2.7460058097313,
    "receivedKBytesPerSec" : 1055.1503499348958,
    "sentKBytesPerSec" : 3.8649393495824254
  },
  "UpdateAlbm-4" : {
    "transaction" : "UpdateAlbm-4",
    "sampleCount" : 1,
    "errorCount" : 0,
    "errorPct" : 0.0,
    "meanResTime" : 4.0,
    "medianResTime" : 4.0,
    "minResTime" : 4.0,
    "maxResTime" : 4.0,
    "pct1ResTime" : 4.0,
    "pct2ResTime" : 4.0,
    "pct3ResTime" : 4.0,
    "throughput" : 250.0,
    "receivedKBytesPerSec" : 756.103515625,
    "sentKBytesPerSec" : 31.25
  },
  "CreateAlbm-9" : {
    "transaction" : "CreateAlbm-9",
    "sampleCount" : 242,
    "errorCount" : 0,
    "errorPct" : 0.0,
    "meanResTime" : 2278.735537190085,
    "medianResTime" : 1971.0,
    "minResTime" : 120.0,
    "maxResTime" : 19975.0,
    "pct1ResTime" : 3828.0000000000005,
    "pct2ResTime" : 5033.15,
    "pct3ResTime" : 8455.66,
    "throughput" : 3.030910275036321,
    "receivedKBytesPerSec" : 181.11666626875532,
    "sentKBytesPerSec" : 0.4824593504208206
  },
  "UpdateAlbm-7" : {
    "transaction" : "UpdateAlbm-7",
    "sampleCount" : 1,
    "errorCount" : 0,
    "errorPct" : 0.0,
    "meanResTime" : 453.0,
    "medianResTime" : 453.0,
    "minResTime" : 453.0,
    "maxResTime" : 453.0,
    "pct1ResTime" : 453.0,
    "pct2ResTime" : 453.0,
    "pct3ResTime" : 453.0,
    "throughput" : 2.207505518763797,
    "receivedKBytesPerSec" : 47.84293943156733,
    "sentKBytesPerSec" : 0.34707850441501104
  },
  "UpdateAlbm-6" : {
    "transaction" : "UpdateAlbm-6",
    "sampleCount" : 1,
    "errorCount" : 0,
    "errorPct" : 0.0,
    "meanResTime" : 1933.0,
    "medianResTime" : 1933.0,
    "minResTime" : 1933.0,
    "maxResTime" : 1933.0,
    "pct1ResTime" : 1933.0,
    "pct2ResTime" : 1933.0,
    "pct3ResTime" : 1933.0,
    "throughput" : 0.5173305742369374,
    "receivedKBytesPerSec" : 36.81029326176927,
    "sentKBytesPerSec" : 0.07123399508535955
  },
  "CreateAlbm-7" : {
    "transaction" : "CreateAlbm-7",
    "sampleCount" : 242,
    "errorCount" : 16,
    "errorPct" : 6.6115704,
    "meanResTime" : 9067.768595041327,
    "medianResTime" : 6315.0,
    "minResTime" : 410.0,
    "maxResTime" : 44516.0,
    "pct1ResTime" : 18917.500000000004,
    "pct2ResTime" : 23847.499999999996,
    "pct3ResTime" : 33201.259999999995,
    "throughput" : 2.8871391076115485,
    "receivedKBytesPerSec" : 192.53373579545456,
    "sentKBytesPerSec" : 0.3712615202219041
  },
  "UpdateAlbm" : {
    "transaction" : "UpdateAlbm",
    "sampleCount" : 1,
    "errorCount" : 0,
    "errorPct" : 0.0,
    "meanResTime" : 8476.0,
    "medianResTime" : 8476.0,
    "minResTime" : 8476.0,
    "maxResTime" : 8476.0,
    "pct1ResTime" : 8476.0,
    "pct2ResTime" : 8476.0,
    "pct3ResTime" : 8476.0,
    "throughput" : 0.11798017932987259,
    "receivedKBytesPerSec" : 42.551671631665876,
    "sentKBytesPerSec" : 0.1634901117862199
  },
  "CreateAlbm-8" : {
    "transaction" : "CreateAlbm-8",
    "sampleCount" : 242,
    "errorCount" : 0,
    "errorPct" : 0.0,
    "meanResTime" : 3612.9628099173547,
    "medianResTime" : 2821.0,
    "minResTime" : 266.0,
    "maxResTime" : 53611.0,
    "pct1ResTime" : 6894.400000000001,
    "pct2ResTime" : 9095.349999999999,
    "pct3ResTime" : 15280.149999999998,
    "throughput" : 2.9976093446135934,
    "receivedKBytesPerSec" : 64.96763750913529,
    "sentKBytesPerSec" : 0.47130381297147317
  },
  "UpdateAlbm-8" : {
    "transaction" : "UpdateAlbm-8",
    "sampleCount" : 1,
    "errorCount" : 0,
    "errorPct" : 0.0,