{
  "CreateAlbm-1" : {
    "transaction" : "CreateAlbm-1",
    "sampleCount" : 242,
    "errorCount" : 0,
    "errorPct" : 0.0,
    "meanResTime" : 2.380165289256199,
    "medianResTime" : 2.0,
    "minResTime" : 1.0,
    "maxResTime" : 18.0,
    "pct1ResTime" : 4.0,
    "pct2ResTime" : 5.0,
    "pct3ResTime" : 7.139999999999986,
    "throughput" : 7.22150935513712,
    "receivedKBytesPerSec" : 11.050883944824086,
    "sentKBytesPerSec" : 0.916793179851392
  },
  "CreateAlbm-2" : {
    "transaction" : "CreateAlbm-2",
    "sampleCount" : 242,
    "errorCount" : 0,
    "errorPct" : 0.0,
    "meanResTime" : 2661.871900826447,
    "medianResTime" : 2237.0,
    "minResTime" : 273.0,
    "maxResTime" : 13240.0,
    "pct1ResTime" : 4996.900000000001,
    "pct2ResTime" : 6567.199999999999,
    "pct3ResTime" : 10608.3,
    "throughput" : 5.342635111268104,
    "receivedKBytesPerSec" : 167.52781357625398,
    "sentKBytesPerSec" : 0.8765260729424231
  },
  "CreateAlbm-0" : {
    "transaction" : "CreateAlbm-0",
    "sampleCount" : 242,
    "errorCount" : 0,
    "errorPct" : 0.0,
    "meanResTime" : 3.8057851239669422,
    "medianResTime" : 3.0,
    "minResTime" : 1.0,
    "maxResTime" : 30.0,
    "pct1ResTime" : 6.0,
    "pct2ResTime" : 7.0,
    "pct3ResTime" : 16.279999999999973,
    "throughput" : 7.208387942332897,
    "receivedKBytesPerSec" : 33.965304513433814,
    "sentKBytesPerSec" : 0.9292062581913498
  },
  "Total" : {
    "transaction" : "Total",
    "sampleCount" : 2662,
    "errorCount" : 22,
    "errorPct" : 0.8264463,
    "meanResTime" : 3566.58752817431,
    "medianResTime" : 954.5,
    "minResTime" : 1.0,
    "maxResTime" : 37996.0,
    "pct1ResTime" : 10280.000000000015,
    "pct2ResTime" : 20803.599999999984,
    "pct3ResTime" : 28751.539999999986,
    "throughput" : 44.22441147641752,
    "receivedKBytesPerSec" : 3119.114374802718,
    "sentKBytesPerSec" : 11.366205632299437
  },
  "CreateAlbm" : {
    "transaction" : "CreateAlbm",
    "sampleCount" : 242,
    "errorCount" : 11,
    "errorPct" : 4.5454545,
    "meanResTime" : 19622.84297520662,
    "medianResTime" : 21245.5,
    "minResTime" : 6640.0,
    "maxResTime" : 37996.0,
    "pct1ResTime" : 28866.2,
    "pct2ResTime" : 30576.1,
    "pct3ResTime" : 36069.829999999994,
    "throughput" : 4.020401043310684,
    "receivedKBytesPerSec" : 1559.557187401359,
    "sentKBytesPerSec" : 5.683102816149718
  },
  "CreateAlbm-9" : {
    "transaction" : "CreateAlbm-9",
    "sampleCount" : 242,
    "errorCount" : 0,
    "errorPct" : 0.0,
    "meanResTime" : 1574.46694214876,
    "medianResTime" : 1446.0,
    "minResTime" : 248.0,
    "maxResTime" : 12907.0,
    "pct1ResTime" : 2697.7000000000025,
    "pct2ResTime" : 3254.7,
    "pct3ResTime" : 6218.109999999993,
    "throughput" : 4.546137661556958,
    "receivedKBytesPerSec" : 271.6672970147186,
    "sentKBytesPerSec" : 0.7236527722986174
  },
  "CreateAlbm-7" : {
    "transaction" : "CreateAlbm-7",
    "sampleCount" : 242,
    "errorCount" : 10,
    "errorPct" : 4.132231,
    "meanResTime" : 6381.661157024794,
    "medianResTime" : 4491.0,
    "minResTime" : 1475.0,
    "maxResTime" : 30462.0,
    "pct1ResTime" : 13813.7,
    "pct2ResTime" : 16857.399999999998,
    "pct3ResTime" : 26645.78,
    "throughput" : 4.285840786327814,
    "receivedKBytesPerSec" : 292.89711408615955,
    "sentKBytesPerSec" : 0.5657542282830071
  },
  "CreateAlbm-8" : {
    "transaction" : "CreateAlbm-8",
    "sampleCount" : 242,
    "errorCount" : 0,
    "errorPct" : 0.0,
    "meanResTime" : 2798.611570247934,
    "medianResTime" : 2124.0,
    "minResTime" : 263.0,
    "maxResTime" : 21027.0,
    "pct1ResTime" : 5515.500000000003,
    "pct2ResTime" : 6729.549999999999,
    "pct3ResTime" : 15538.189999999964,
    "throughput" : 4.452294219376679,
    "receivedKBytesPerSec" : 96.49525923230121,
    "sentKBytesPerSec" : 0.7000189153512161
  },
  "CreateAlbm-5" : {
    "transaction" : "CreateAlbm-5",
    "sampleCount" : 242,
    "errorCount" : 0,
    "errorPct" : 0.0,
    "meanResTime" : 2.442148760330578,
    "medianResTime" : 2.0,
    "minResTime" : 1.0,
    "maxResTime" : 12.0,
    "pct1ResTime" : 4.0,
    "pct2ResTime" : 5.0,
    "pct3ResTime" : 8.569999999999993,
    "throughput" : 4.844069017975099,
    "receivedKBytesPerSec" : 5.889517507206054,
    "sentKBytesPerSec" : 0.6055086272468874
  },
  "CreateAlbm-6" : {
    "transaction" : "CreateAlbm-6",
    "sampleCount" : 242,
    "errorCount" : 0,
    "errorPct" : 0.0,
    "meanResTime" : 2.4504132231404934,
    "medianResTime" : 2.0,
    "minResTime" : 1.0,
    "maxResTime" : 12.0,
    "pct1ResTime" : 4.0,
    "pct2ResTime" : 5.0,
    "pct3ResTime" : 8.0,
    "throughput" : 4.844553880647808,
    "receivedKBytesPerSec" : 22.808197518167077,
    "sentKBytesPerSec" : 0.6292242833263267
  },
  "CreateAlbm-3" : {
    "transaction" : "CreateAlbm-3",
    "sampleCount" : 242,
    "errorCount" : 1,
    "errorPct" : 0.41322315,
    "meanResTime" : 6177.884297520662,
    "medianResTime" : 5499.0,
    "minResTime" : 1129.0,
    "maxResTime" : 19509.0,
    "pct1ResTime" : 9972.300000000003,
    "pct2ResTime" : 11648.5,
    "pct3ResTime" : 17934.01999999999,
    "throughput" : 4.6705523603659245,
    "receivedKBytesPerSec" : 733.4419751418535,
    "sentKBytesPerSec" : 0.7494694061933068
  },
  "CreateAlbm-4" : {
    "transaction" : "CreateAlbm-4",
    "sampleCount" : 242,
    "errorCount" : 0,
    "errorPct" : 0.0,
    "meanResTime" : 4.045454545454547,
    "medianResTime" : 4.0,
    "minResTime" : 1.0,
    "maxResTime" : 12.0,
    "pct1ResTime" : 6.0,
    "pct2ResTime" : 7.849999999999994,
    "pct3ResTime" : 10.0,
    "throughput" : 4.843972057086811,
    "receivedKBytesPerSec" : 182.0415787821013,
    "sentKBytesPerSec" : 0.6291487144458455
  }
}